Workbook

Sheet How It Works
A1: How the model works (4 steps)
A3: Step 1 – Trend | B3: Fit a straight line through weekly demand over time (Demand vs. Week #), exactly like the professor. Then divide each week's demand by the trend value to get its seasonal ratio (SI). Sheet: 1 Training Data.
A4: Step 2 – Seasonal Index | B4: Average the SI for each of the 52 weeks across all training years, then rescale so the 52 numbers average to 1. Same idea as the professor's ASI, but using 8 years instead of 3. Sheet: 2 Seasonal Index.
A5: Step 3 – Regression | B5: Remove seasonality (Demand ÷ Seasonal Index), then run a multiple regression of that on Week #, Vehicle Miles, and Jobless Claims. This replaces the professor's plain trend line with a trend line that also reacts to the economy and driving activity. Sheet: 3 Regression.
A6: Step 4 – Forecast | B6: For each 2025 week: plug Week #, Vehicle Miles and Jobless Claims into the regression, then multiply by that week's Seasonal Index. Compare to actual 2025 demand. Sheet: 4 Forecast 2025.
A8: Same as the professor | B8: Trend line on Week #; SI = Demand ÷ Trend; average SI by week; Forecast = level × seasonal index.
A9: Different from the professor | B9: (1) Training years 2015–2024 without 2020–21, instead of 2022–2024. (2) Two covariates added in Step 3. (3) Weeks matched by calendar week of the year. (4) Seasonal index scaled to average 1.
A11: Covariates
A12: Vehicle Miles Traveled | B12: Total monthly U.S. vehicle miles (FHWA), in millions, carried forward to each week. More driving → more gasoline. Expected sign: positive.
A13: Initial Jobless Claims | B13: Weekly new unemployment claims (U.S. Dept. of Labor). More layoffs → less commuting and spending → less gasoline. Expected sign: negative.
A15: Color key | B15: Blue = typed-in data · Black = formula · Green = pulls from another sheet · Yellow bar = step title · Green fill = key result
A16: Full version | B16: Sunoco_Covariate_Model_VMT_JoblessClaims.xlsx has the same model with switchable inputs, the baseline rebuilt, and extra diagnostics. Both give identical forecasts.

Sheet 1 Training Data
A1: STEP 1 – Training data (2015–2019 and 2022–2024; 2020–21 removed for COVID). Trend line, then seasonal ratio for every week. | O1: Regression inputs (copies, side by side for LINEST)
A2: Date | B2: Week # | C2: Week of Year | D2: Demand | E2: Vehicle Miles (millions) | F2: Jobless Claims | G2: Trend = a + b × Week# | H2: SI = Demand ÷ Trend | I2: Seasonal Index (from Step 2) | J2: Deseasonalized = Demand ÷ Seasonal Index | L2: Trend line (same idea as the professor) | O2: X: Week # | P2: X: Vehicle Miles | Q2: X: Jobless Claims
A3: 42006 | B3: 1248 | C3: =MIN(52,INT((A3-DATE(YEAR(A3),1,1))/7)+1) -> 1 | D3: 8809 | E3: 265144 | F3: 285000 | G3: =$M$3+$M$4*B3 -> 9383.0517 | H3: =D3/G3 -> 0.93882037 | I3: =INDEX('2 Seasonal Index'!$D$3:$D$54,C3) -> 0.91465819 | J3: =D3/I3 -> 9630.9202 | L3: a (intercept) | M3: =INTERCEPT(D3:D419,B3:B419) -> 10846.55 | O3: =B3 -> 1248 | P3: =E3 -> 265144 | Q3: =F3 -> 285000
A4: 42013 | B4: 1249 | C4: =MIN(52,INT((A4-DATE(YEAR(A4),1,1))/7)+1) -> 2 | D4: 8875 | E4: 265144 | F4: 294000 | G4: =$M$3+$M$4*B4 -> 9381.879 | H4: =D4/G4 -> 0.94597255 | I4: =INDEX('2 Seasonal Index'!$D$3:$D$54,C4) -> 0.92112372 | J4: =D4/I4 -> 9634.9706 | L4: b (slope per week) | M4: =SLOPE(D3:D419,B3:B419) -> -1.1726749 | O4: =B4 -> 1249 | P4: =E4 -> 265144 | Q4: =F4 -> 294000
A5: 42020 | B5: 1250 | C5: =MIN(52,INT((A5-DATE(YEAR(A5),1,1))/7)+1) -> 3 | D5: 8851 | E5: 241451 | F5: 304000 | G5: =$M$3+$M$4*B5 -> 9380.7063 | H5: =D5/G5 -> 0.94353236 | I5: =INDEX('2 Seasonal Index'!$D$3:$D$54,C5) -> 0.93247571 | J5: =D5/I5 -> 9491.9363 | L5: Weeks used | M5: =COUNT(D3:D419) -> 417 | O5: =B5 -> 1250 | P5: =E5 -> 241451 | Q5: =F5 -> 304000
A6: 42027 | B6: 1251 | C6: =MIN(52,INT((A6-DATE(YEAR(A6),1,1))/7)+1) -> 4 | D6: 9022 | E6: 241451 | F6: 298000 | G6: =$M$3+$M$4*B6 -> 9379.5337 | H6: =D6/G6 -> 0.96188151 | I6: =INDEX('2 Seasonal Index'!$D$3:$D$54,C6) -> 0.95567024 | J6: =D6/I6 -> 9440.4948 | O6: =B6 -> 1251 | P6: =E6 -> 241451 | Q6: =F6 -> 298000
A7: 42034 | B7: 1252 | C7: =MIN(52,INT((A7-DATE(YEAR(A7),1,1))/7)+1) -> 5 | D7: 8442 | E7: 241451 | F7: 261000 | G7: =$M$3+$M$4*B7 -> 9378.361 | H7: =D7/G7 -> 0.90015729 | I7: =INDEX('2 Seasonal Index'!$D$3:$D$54,C7) -> 0.96378521 | J7: =D7/I7 -> 8759.2131 | L7: Source: Sunoco_Training_complete_NEW.xlsx (Target sheet). | O7: =B7 -> 1252 | P7: =E7 -> 241451 | Q7: =F7 -> 261000
A8: 42041 | B8: 1253 | C8: =MIN(52,INT((A8-DATE(YEAR(A8),1,1))/7)+1) -> 6 | D8: 8282 | E8: 241451 | F8: 281000 | G8: =$M$3+$M$4*B8 -> 9377.1883 | H8: =D8/G8 -> 0.88320718 | I8: =INDEX('2 Seasonal Index'!$D$3:$D$54,C8) -> 0.93990302 | J8: =D8/I8 -> 8811.5474 | O8: =B8 -> 1253 | P8: =E8 -> 241451 | Q8: =F8 -> 281000
A9: 42048 | B9: 1254 | C9: =MIN(52,INT((A9-DATE(YEAR(A9),1,1))/7)+1) -> 7 | D9: 8809 | E9: 241451 | F9: 298000 | G9: =$M$3+$M$4*B9 -> 9376.0156 | H9: =D9/G9 -> 0.93952488 | I9: =INDEX('2 Seasonal Index'!$D$3:$D$54,C9) -> 0.96316209 | J9: =D9/I9 -> 9145.9164 | O9: =B9 -> 1254 | P9: =E9 -> 241451 | Q9: =F9 -> 298000
A10: 42055 | B10: 1255 | C10: =MIN(52,INT((A10-DATE(YEAR(A10),1,1))/7)+1) -> 8 | D10: 8915 | E10: 252271 | F10: 285000 | G10: =$M$3+$M$4*B10 -> 9374.843 | H10: =D10/G10 -> 0.95094926 | I10: =INDEX('2 Seasonal Index'!$D$3:$D$54,C10) -> 0.97838706 | J10: =D10/I10 -> 9111.9358 | O10: =B10 -> 1255 | P10: =E10 -> 252271 | Q10: =F10 -> 285000
A11: 42062 | B11: 1256 | C11: =MIN(52,INT((A11-DATE(YEAR(A11),1,1))/7)+1) -> 9 | D11: 8630 | E11: 252271 | F11: 305000 | G11: =$M$3+$M$4*B11 -> 9373.6703 | H11: =D11/G11 -> 0.92066392 | I11: =INDEX('2 Seasonal Index'!$D$3:$D$54,C11) -> 0.98629368 | J11: =D11/I11 -> 8749.9294 | O11: =B11 -> 1256 | P11: =E11 -> 252271 | Q11: =F11 -> 305000
A12: 42069 | B12: 1257 | C12: =MIN(52,INT((A12-DATE(YEAR(A12),1,1))/7)+1) -> 10 | D12: 8515 | E12: 252271 | F12: 317000 | G12: =$M$3+$M$4*B12 -> 9372.4976 | H12: =D12/G12 -> 0.90850917 | I12: =INDEX('2 Seasonal Index'!$D$3:$D$54,C12) -> 0.99527491 | J12: =D12/I12 -> 8555.4252 | O12: =B12 -> 1257 | P12: =E12 -> 252271 | Q12: =F12 -> 317000
A13: 42076 | B13: 1258 | C13: =MIN(52,INT((A13-DATE(YEAR(A13),1,1))/7)+1) -> 11 | D13: 9260 | E13: 252271 | F13: 293000 | G13: =$M$3+$M$4*B13 -> 9371.3249 | H13: =D13/G13 -> 0.98812068 | I13: =INDEX('2 Seasonal Index'!$D$3:$D$54,C13) -> 1.0021278 | J13: =D13/I13 -> 9240.3388 | O13: =B13 -> 1258 | P13: =E13 -> 252271 | Q13: =F13 -> 293000
A14: 42083 | B14: 1259 | C14: =MIN(52,INT((A14-DATE(YEAR(A14),1,1))/7)+1) -> 12 | D14: 8619 | E14: 233498 | F14: 290000 | G14: =$M$3+$M$4*B14 -> 9370.1523 | H14: =D14/G14 -> 0.91983564 | I14: =INDEX('2 Seasonal Index'!$D$3:$D$54,C14) -> 0.99255102 | J14: =D14/I14 -> 8683.6846 | O14: =B14 -> 1259 | P14: =E14 -> 233498 | Q14: =F14 -> 290000
A15: 42090 | B15: 1260 | C15: =MIN(52,INT((A15-DATE(YEAR(A15),1,1))/7)+1) -> 13 | D15: 9435 | E15: 233498 | F15: 284000 | G15: =$M$3+$M$4*B15 -> 9368.9796 | H15: =D15/G15 -> 1.0070467 | I15: =INDEX('2 Seasonal Index'!$D$3:$D$54,C15) -> 1.0067199 | J15: =D15/I15 -> 9372.0209 | O15: =B15 -> 1260 | P15: =E15 -> 233498 | Q15: =F15 -> 284000
A16: 42097 | B16: 1261 | C16: =MIN(52,INT((A16-DATE(YEAR(A16),1,1))/7)+1) -> 14 | D16: 8610 | E16: 233498 | F16: 269000 | G16: =$M$3+$M$4*B16 -> 9367.8069 | H16: =D16/G16 -> 0.9191052 | I16: =INDEX('2 Seasonal Index'!$D$3:$D$54,C16) -> 0.99471307 | J16: =D16/I16 -> 8655.7625 | O16: =B16 -> 1261 | P16: =E16 -> 233498 | Q16: =F16 -> 269000
A17: 42104 | B17: 1262 | C17: =MIN(52,INT((A17-DATE(YEAR(A17),1,1))/7)+1) -> 15 | D17: 8914 | E17: 233498 | F17: 282000 | G17: =$M$3+$M$4*B17 -> 9366.6342 | H17: =D17/G17 -> 0.95167589 | I17: =INDEX('2 Seasonal Index'!$D$3:$D$54,C17) -> 1.0030309 | J17: =D17/I17 -> 8887.0641 | O17: =B17 -> 1262 | P17: =E17 -> 233498 | Q17: =F17 -> 282000
A18: 42111 | B18: 1263 | C18: =MIN(52,INT((A18-DATE(YEAR(A18),1,1))/7)+1) -> 16 | D18: 9185 | E18: 217220 | F18: 298000 | G18: =$M$3+$M$4*B18 -> 9365.4616 | H18: =D18/G18 -> 0.98073116 | I18: =INDEX('2 Seasonal Index'!$D$3:$D$54,C18) -> 1.0020974 | J18: =D18/I18 -> 9165.7756 | O18: =B18 -> 1263 | P18: =E18 -> 217220 | Q18: =F18 -> 298000
A19: 42118 | B19: 1264 | C19: =MIN(52,INT((A19-DATE(YEAR(A19),1,1))/7)+1) -> 17 | D19: 8920 | E19: 217220 | F19: 295000 | G19: =$M$3+$M$4*B19 -> 9364.2889 | H19: =D19/G19 -> 0.95255498 | I19: =INDEX('2 Seasonal Index'!$D$3:$D$54,C19) -> 0.98572001 | J19: =D19/I19 -> 9049.2228 | O19: =B19 -> 1264 | P19: =E19 -> 217220 | Q19: =F19 -> 295000
... A419: 45653 | B419: 1769 | C419: =MIN(52,INT((A419-DATE(YEAR(A419),1,1))/7)+1) -> 52 | D419: 8168 | E419: 289477 | F419: 219000 | G419: =$M$3+$M$4*B419 -> 8772.088 | H419: =D419/G419 -> 0.93113521 | I419: =INDEX('2 Seasonal Index'!$D$3:$D$54,C419) -> 0.9410597 | J419: =D419/I419 -> 8679.5768 | O419: =B419 -> 1769 | P419: =E419 -> 289477 | Q419: =F419 -> 219000

Sheet 2 Seasonal Index
A1: STEP 2 – Average the SI for each week of the year, then scale so the 52 values average exactly 1.
A2: Week of Year | B2: Average SI (all training years) | C2: # Years averaged | D2: Seasonal Index = Avg SI ÷ mean of all Avg SI
A3: 1 | B3: =AVERAGEIF('1 Training Data'!$C$3:$C$419,A3,'1 Training Data'!$H$3:$H$419) -> 0.91478473 | C3: =COUNTIF('1 Training Data'!$C$3:$C$419,A3) -> 8 | D3: =B3/AVERAGE($B$3:$B$54) -> 0.91465819 | F3: How to read it: 1.05 means that week normally runs 5% above an average week; 0.93 means 7% below.
A4: 2 | B4: =AVERAGEIF('1 Training Data'!$C$3:$C$419,A4,'1 Training Data'!$H$3:$H$419) -> 0.92125116 | C4: =COUNTIF('1 Training Data'!$C$3:$C$419,A4) -> 8 | D4: =B4/AVERAGE($B$3:$B$54) -> 0.92112372
A5: 3 | B5: =AVERAGEIF('1 Training Data'!$C$3:$C$419,A5,'1 Training Data'!$H$3:$H$419) -> 0.93260472 | C5: =COUNTIF('1 Training Data'!$C$3:$C$419,A5) -> 8 | D5: =B5/AVERAGE($B$3:$B$54) -> 0.93247571
A6: 4 | B6: =AVERAGEIF('1 Training Data'!$C$3:$C$419,A6,'1 Training Data'!$H$3:$H$419) -> 0.95580246 | C6: =COUNTIF('1 Training Data'!$C$3:$C$419,A6) -> 8 | D6: =B6/AVERAGE($B$3:$B$54) -> 0.95567024
A7: 5 | B7: =AVERAGEIF('1 Training Data'!$C$3:$C$419,A7,'1 Training Data'!$H$3:$H$419) -> 0.96391855 | C7: =COUNTIF('1 Training Data'!$C$3:$C$419,A7) -> 8 | D7: =B7/AVERAGE($B$3:$B$54) -> 0.96378521
A8: 6 | B8: =AVERAGEIF('1 Training Data'!$C$3:$C$419,A8,'1 Training Data'!$H$3:$H$419) -> 0.94003306 | C8: =COUNTIF('1 Training Data'!$C$3:$C$419,A8) -> 8 | D8: =B8/AVERAGE($B$3:$B$54) -> 0.93990302
A9: 7 | B9: =AVERAGEIF('1 Training Data'!$C$3:$C$419,A9,'1 Training Data'!$H$3:$H$419) -> 0.96329535 | C9: =COUNTIF('1 Training Data'!$C$3:$C$419,A9) -> 8 | D9: =B9/AVERAGE($B$3:$B$54) -> 0.96316209
A10: 8 | B10: =AVERAGEIF('1 Training Data'!$C$3:$C$419,A10,'1 Training Data'!$H$3:$H$419) -> 0.97852242 | C10: =COUNTIF('1 Training Data'!$C$3:$C$419,A10) -> 8 | D10: =B10/AVERAGE($B$3:$B$54) -> 0.97838706
A11: 9 | B11: =AVERAGEIF('1 Training Data'!$C$3:$C$419,A11,'1 Training Data'!$H$3:$H$419) -> 0.98643013 | C11: =COUNTIF('1 Training Data'!$C$3:$C$419,A11) -> 8 | D11: =B11/AVERAGE($B$3:$B$54) -> 0.98629368
A12: 10 | B12: =AVERAGEIF('1 Training Data'!$C$3:$C$419,A12,'1 Training Data'!$H$3:$H$419) -> 0.99541261 | C12: =COUNTIF('1 Training Data'!$C$3:$C$419,A12) -> 8 | D12: =B12/AVERAGE($B$3:$B$54) -> 0.99527491
A13: 11 | B13: =AVERAGEIF('1 Training Data'!$C$3:$C$419,A13,'1 Training Data'!$H$3:$H$419) -> 1.0022664 | C13: =COUNTIF('1 Training Data'!$C$3:$C$419,A13) -> 8 | D13: =B13/AVERAGE($B$3:$B$54) -> 1.0021278
A14: 12 | B14: =AVERAGEIF('1 Training Data'!$C$3:$C$419,A14,'1 Training Data'!$H$3:$H$419) -> 0.99268835 | C14: =COUNTIF('1 Training Data'!$C$3:$C$419,A14) -> 8 | D14: =B14/AVERAGE($B$3:$B$54) -> 0.99255102
A15: 13 | B15: =AVERAGEIF('1 Training Data'!$C$3:$C$419,A15,'1 Training Data'!$H$3:$H$419) -> 1.0068592 | C15: =COUNTIF('1 Training Data'!$C$3:$C$419,A15) -> 8 | D15: =B15/AVERAGE($B$3:$B$54) -> 1.0067199
... A54: 52 | B54: =AVERAGEIF('1 Training Data'!$C$3:$C$419,A54,'1 Training Data'!$H$3:$H$419) -> 0.9411899 | C54: =COUNTIF('1 Training Data'!$C$3:$C$419,A54) -> 9 | D54: =B54/AVERAGE($B$3:$B$54) -> 0.9410597
A56: Average of index | D56: =AVERAGE(D3:D54) -> 1

Sheet 3 Regression
A1: STEP 3 – Multiple regression: Deseasonalized Demand = b0 + b1×Week# + b2×Vehicle Miles + b3×Jobless Claims
A2: Uses Excel LINEST on Step 1 columns J (y) and B, E, F (x). Same result as Data > Data Analysis > Regression.
A4: Term | B4: Coefficient | C4: Std. Error | D4: t Stat | E4: Significant? (|t| > 2) | F4: Expected sign | G4: Sign OK?
A5: b0 Intercept | B5: =INDEX(LINEST('1 Training Data'!$J$3:$J$419,'1 Training Data'!$O$3:$Q$419,TRUE(),TRUE()),1,4) -> 11567.458 | C5: =INDEX(LINEST('1 Training Data'!$J$3:$J$419,'1 Training Data'!$O$3:$Q$419,TRUE(),TRUE()),2,4) -> 387.97552 | D5: =B5/C5 -> 29.814918 | E5: =IF(ABS(D5)>2,"Yes","No") -> Yes | F5: – | G5: –
A6: b1 Week # | B6: =INDEX(LINEST('1 Training Data'!$J$3:$J$419,'1 Training Data'!$O$3:$Q$419,TRUE(),TRUE()),1,3) -> -1.5623132 | C6: =INDEX(LINEST('1 Training Data'!$J$3:$J$419,'1 Training Data'!$O$3:$Q$419,TRUE(),TRUE()),2,3) -> 0.11977237 | D6: =B6/C6 -> -13.04402 | E6: =IF(ABS(D6)>2,"Yes","No") -> Yes | F6: – | G6: –
A7: b2 Vehicle Miles | B7: =INDEX(LINEST('1 Training Data'!$J$3:$J$419,'1 Training Data'!$O$3:$Q$419,TRUE(),TRUE()),1,2) -> 0.0018246711 | C7: =INDEX(LINEST('1 Training Data'!$J$3:$J$419,'1 Training Data'!$O$3:$Q$419,TRUE(),TRUE()),2,2) -> 0.00083478054 | D7: =B7/C7 -> 2.1858094 | E7: =IF(ABS(D7)>2,"Yes","No") -> Yes | F7: + (more driving) | G7: =IF(B7>0,"Yes","No") -> Yes
A8: b3 Jobless Claims | B8: =INDEX(LINEST('1 Training Data'!$J$3:$J$419,'1 Training Data'!$O$3:$Q$419,TRUE(),TRUE()),1,1) -> -0.0026550414 | C8: =INDEX(LINEST('1 Training Data'!$J$3:$J$419,'1 Training Data'!$O$3:$Q$419,TRUE(),TRUE()),2,1) -> 0.00076947484 | D8: =B8/C8 -> -3.450459 | E8: =IF(ABS(D8)>2,"Yes","No") -> Yes | F8: − (fewer jobs) | G8: =IF(B8<0,"Yes","No") -> Yes
A11: R Square | B11: =INDEX(LINEST('1 Training Data'!$J$3:$J$419,'1 Training Data'!$O$3:$Q$419,TRUE(),TRUE()),3,1) -> 0.34550584
A12: Std. error of estimate | B12: =INDEX(LINEST('1 Training Data'!$J$3:$J$419,'1 Training Data'!$O$3:$Q$419,TRUE(),TRUE()),3,2) -> 294.35146
A13: Observations | B13: =COUNT('1 Training Data'!$J$3:$J$419) -> 417
A15: What the coefficients mean
A16: ="b2: each extra 10 billion vehicle miles in a month adds about "&TEXT(B7*10000,"0.0")&" units of weekly demand (before seasonality)." -> b2: each extra 10 billion vehicle miles in a month adds about 18.2 units of weekly demand (before seasonality).
A17: ="b3: each extra 10,000 jobless claims lowers weekly demand by about "&TEXT(-B8*10000,"0.0")&" units." -> b3: each extra 10,000 jobless claims lowers weekly demand by about 26.6 units.
A18: ="b1: holding the others fixed, demand drifts by "&TEXT(B6,"0.00")&" units per week (a slow decline)." -> b1: holding the others fixed, demand drifts by -1.56 units per week (a slow decline).
A20: Note: LINEST lists coefficients in reverse order (last X first), which is why the INDEX column numbers run 4, 3, 2, 1.

Sheet 4 Forecast 2025
A1: STEP 4 – Forecast = (b0 + b1×Week# + b2×Vehicle Miles + b3×Jobless Claims) × Seasonal Index
A3: Date | B3: Week # | C3: Week of Year | D3: Vehicle Miles | E3: Jobless Claims | F3: Base Level = b0 + b1·Wk + b2·VMT + b3·Claims | G3: Seasonal Index | H3: FORECAST = Base × Index | I3: Actual 2025 | J3: Error = Actual − Forecast | K3: Abs % Error | M3: 2025 results
A4: 45660 | B4: 1770 | C4: =MIN(52,INT((A4-DATE(YEAR(A4),1,1))/7)+1) -> 1 | D4: 289477 | E4: 212000 | F4: ='3 Regression'!$B$5+'3 Regression'!$B$6*B4+'3 Regression'!$B$7*D4+'3 Regression'!$B$8*E4 -> 8767.4954 | G4: =INDEX('2 Seasonal Index'!$D$3:$D$54,C4) -> 0.91465819 | H4: =F4*G4 -> 8019.2615 | I4: 8481 | J4: =I4-H4 -> 461.73853 | K4: =ABS(J4)/I4 -> 0.054443878 | M4: MAPE (avg abs % error) | N4: =AVERAGE(K4:K55) -> 0.027467971
A5: 45667 | B5: 1771 | C5: =MIN(52,INT((A5-DATE(YEAR(A5),1,1))/7)+1) -> 2 | D5: 289477 | E5: 206000 | F5: ='3 Regression'!$B$5+'3 Regression'!$B$6*B5+'3 Regression'!$B$7*D5+'3 Regression'!$B$8*E5 -> 8781.8633 | G5: =INDEX('2 Seasonal Index'!$D$3:$D$54,C5) -> 0.92112372 | H5: =F5*G5 -> 8089.1826 | I5: 8325 | J5: =I5-H5 -> 235.81736 | K5: =ABS(J5)/I5 -> 0.02832641 | M5: Professor model MAPE | N5: 0.0357
A6: 45674 | B6: 1772 | C6: =MIN(52,INT((A6-DATE(YEAR(A6),1,1))/7)+1) -> 3 | D6: 262354 | E6: 219000 | F6: ='3 Regression'!$B$5+'3 Regression'!$B$6*B6+'3 Regression'!$B$7*D6+'3 Regression'!$B$8*E6 -> 8696.2949 | G6: =INDEX('2 Seasonal Index'!$D$3:$D$54,C6) -> 0.93247571 | H6: =F6*G6 -> 8109.0838 | I6: 8086 | J6: =I6-H6 -> -23.083797 | K6: =ABS(J6)/I6 -> 0.0028547856 | M6: Avg error (bias) | N6: =AVERAGE(J4:J55) -> 101.67609
A7: 45681 | B7: 1773 | C7: =MIN(52,INT((A7-DATE(YEAR(A7),1,1))/7)+1) -> 4 | D7: 262354 | E7: 223000 | F7: ='3 Regression'!$B$5+'3 Regression'!$B$6*B7+'3 Regression'!$B$7*D7+'3 Regression'!$B$8*E7 -> 8684.1125 | G7: =INDEX('2 Seasonal Index'!$D$3:$D$54,C7) -> 0.95567024 | H7: =F7*G7 -> 8299.1479 | I7: 8302 | J7: =I7-H7 -> 2.8521239 | K7: =ABS(J7)/I7 -> 0.00034354661
A8: 45688 | B8: 1774 | C8: =MIN(52,INT((A8-DATE(YEAR(A8),1,1))/7)+1) -> 5 | D8: 262354 | E8: 212000 | F8: ='3 Regression'!$B$5+'3 Regression'!$B$6*B8+'3 Regression'!$B$7*D8+'3 Regression'!$B$8*E8 -> 8711.7556 | G8: =INDEX('2 Seasonal Index'!$D$3:$D$54,C8) -> 0.96378521 | H8: =F8*G8 -> 8396.2612 | I8: 8328 | J8: =I8-H8 -> -68.261212 | K8: =ABS(J8)/I8 -> 0.0081965913 | M8: Actual 2025 from the class ASI demo file. Covariates from the new dataset.
A9: 45695 | B9: 1775 | C9: =MIN(52,INT((A9-DATE(YEAR(A9),1,1))/7)+1) -> 6 | D9: 262354 | E9: 220000 | F9: ='3 Regression'!$B$5+'3 Regression'!$B$6*B9+'3 Regression'!$B$7*D9+'3 Regression'!$B$8*E9 -> 8688.953 | G9: =INDEX('2 Seasonal Index'!$D$3:$D$54,C9) -> 0.93990302 | H9: =F9*G9 -> 8166.7731 | I9: 8576 | J9: =I9-H9 -> 409.22689 | K9: =ABS(J9)/I9 -> 0.047717687 | M9: Professor MAPE computed from the class model (typed in, not live).
A10: 45702 | B10: 1776 | C10: =MIN(52,INT((A10-DATE(YEAR(A10),1,1))/7)+1) -> 7 | D10: 262354 | E10: 216000 | F10: ='3 Regression'!$B$5+'3 Regression'!$B$6*B10+'3 Regression'!$B$7*D10+'3 Regression'!$B$8*E10 -> 8698.0108 | G10: =INDEX('2 Seasonal Index'!$D$3:$D$54,C10) -> 0.96316209 | H10: =F10*G10 -> 8377.5943 | I10: 8239 | J10: =I10-H10 -> -138.59431 | K10: =ABS(J10)/I10 -> 0.016821739
A11: 45709 | B11: 1777 | C11: =MIN(52,INT((A11-DATE(YEAR(A11),1,1))/7)+1) -> 8 | D11: 264216 | E11: 223000 | F11: ='3 Regression'!$B$5+'3 Regression'!$B$6*B11+'3 Regression'!$B$7*D11+'3 Regression'!$B$8*E11 -> 8681.2607 | G11: =INDEX('2 Seasonal Index'!$D$3:$D$54,C11) -> 0.97838706 | H11: =F11*G11 -> 8493.6331 | I11: 8454 | J11: =I11-H11 -> -39.633147 | K11: =ABS(J11)/I11 -> 0.004688094
A12: 45716 | B12: 1778 | C12: =MIN(52,INT((A12-DATE(YEAR(A12),1,1))/7)+1) -> 9 | D12: 264216 | E12: 241000 | F12: ='3 Regression'!$B$5+'3 Regression'!$B$6*B12+'3 Regression'!$B$7*D12+'3 Regression'!$B$8*E12 -> 8631.9077 | G12: =INDEX('2 Seasonal Index'!$D$3:$D$54,C12) -> 0.98629368 | H12: =F12*G12 -> 8513.596 | I12: 8877 | J12: =I12-H12 -> 363.40403 | K12: =ABS(J12)/I12 -> 0.040937708
A13: 45723 | B13: 1779 | C13: =MIN(52,INT((A13-DATE(YEAR(A13),1,1))/7)+1) -> 10 | D13: 264216 | E13: 224000 | F13: ='3 Regression'!$B$5+'3 Regression'!$B$6*B13+'3 Regression'!$B$7*D13+'3 Regression'!$B$8*E13 -> 8675.4811 | G13: =INDEX('2 Seasonal Index'!$D$3:$D$54,C13) -> 0.99527491 | H13: =F13*G13 -> 8634.4886 | I13: 9182 | J13: =I13-H13 -> 547.51138 | K13: =ABS(J13)/I13 -> 0.059628771
A14: 45730 | B14: 1780 | C14: =MIN(52,INT((A14-DATE(YEAR(A14),1,1))/7)+1) -> 11 | D14: 264216 | E14: 222000 | F14: ='3 Regression'!$B$5+'3 Regression'!$B$6*B14+'3 Regression'!$B$7*D14+'3 Regression'!$B$8*E14 -> 8679.2288 | G14: =INDEX('2 Seasonal Index'!$D$3:$D$54,C14) -> 1.0021278 | H14: =F14*G14 -> 8697.6961 | I14: 8817 | J14: =I14-H14 -> 119.3039 | K14: =ABS(J14)/I14 -> 0.013531122
A15: 45737 | B15: 1781 | C15: =MIN(52,INT((A15-DATE(YEAR(A15),1,1))/7)+1) -> 12 | D15: 252454 | E15: 225000 | F15: ='3 Regression'!$B$5+'3 Regression'!$B$6*B15+'3 Regression'!$B$7*D15+'3 Regression'!$B$8*E15 -> 8648.2396 | G15: =INDEX('2 Seasonal Index'!$D$3:$D$54,C15) -> 0.99255102 | H15: =F15*G15 -> 8583.8191 | I15: 8643 | J15: =I15-H15 -> 59.180898 | K15: =ABS(J15)/I15 -> 0.0068472634
A16: 45744 | B16: 1782 | C16: =MIN(52,INT((A16-DATE(YEAR(A16),1,1))/7)+1) -> 13 | D16: 252454 | E16: 224000 | F16: ='3 Regression'!$B$5+'3 Regression'!$B$6*B16+'3 Regression'!$B$7*D16+'3 Regression'!$B$8*E16 -> 8649.3324 | G16: =INDEX('2 Seasonal Index'!$D$3:$D$54,C16) -> 1.0067199 | H16: =F16*G16 -> 8707.4551 | I16: 8495 | J16: =I16-H16 -> -212.45507 | K16: =ABS(J16)/I16 -> 0.025009425
A17: 45751 | B17: 1783 | C17: =MIN(52,INT((A17-DATE(YEAR(A17),1,1))/7)+1) -> 14 | D17: 252454 | E17: 220000 | F17: ='3 Regression'!$B$5+'3 Regression'!$B$6*B17+'3 Regression'!$B$7*D17+'3 Regression'!$B$8*E17 -> 8658.3902 | G17: =INDEX('2 Seasonal Index'!$D$3:$D$54,C17) -> 0.99471307 | H17: =F17*G17 -> 8612.6139 | I17: 8425 | J17: =I17-H17 -> -187.61386 | K17: =ABS(J17)/I17 -> 0.022268708
A18: 45758 | B18: 1784 | C18: =MIN(52,INT((A18-DATE(YEAR(A18),1,1))/7)+1) -> 15 | D18: 252454 | E18: 223000 | F18: ='3 Regression'!$B$5+'3 Regression'!$B$6*B18+'3 Regression'!$B$7*D18+'3 Regression'!$B$8*E18 -> 8648.8628 | G18: =INDEX('2 Seasonal Index'!$D$3:$D$54,C18) -> 1.0030309 | H18: =F18*G18 -> 8675.0767 | I18: 8462 | J18: =I18-H18 -> -213.07674 | K18: =ABS(J18)/I18 -> 0.025180424
A19: 45765 | B19: 1785 | C19: =MIN(52,INT((A19-DATE(YEAR(A19),1,1))/7)+1) -> 16 | D19: 238728 | E19: 217000 | F19: ='3 Regression'!$B$5+'3 Regression'!$B$6*B19+'3 Regression'!$B$7*D19+'3 Regression'!$B$8*E19 -> 8638.1853 | G19: =INDEX('2 Seasonal Index'!$D$3:$D$54,C19) -> 1.0020974 | H19: =F19*G19 -> 8656.3031 | I19: 9414 | J19: =I19-H19 -> 757.69693 | K19: =ABS(J19)/I19 -> 0.080486183
A20: 45772 | B20: 1786 | C20: =MIN(52,INT((A20-DATE(YEAR(A20),1,1))/7)+1) -> 17 | D20: 238728 | E20: 224000 | F20: ='3 Regression'!$B$5+'3 Regression'!$B$6*B20+'3 Regression'!$B$7*D20+'3 Regression'!$B$8*E20 -> 8618.0377 | G20: =INDEX('2 Seasonal Index'!$D$3:$D$54,C20) -> 0.98572001 | H20: =F20*G20 -> 8494.9722 | I20: 9098 | J20: =I20-H20 -> 603.02783 | K20: =ABS(J20)/I20 -> 0.066281362
A21: 45779 | B21: 1787 | C21: =MIN(52,INT((A21-DATE(YEAR(A21),1,1))/7)+1) -> 18 | D21: 238728 | E21: 239000 | F21: ='3 Regression'!$B$5+'3 Regression'!$B$6*B21+'3 Regression'!$B$7*D21+'3 Regression'!$B$8*E21 -> 8576.6497 | G21: =INDEX('2 Seasonal Index'!$D$3:$D$54,C21) -> 1.0181402 | H21: =F21*G21 -> 8732.2314 | I21: 8717 | J21: =I21-H21 -> -15.231446 | K21: =ABS(J21)/I21 -> 0.0017473266
... A55: 46017 | B55: 1821 | C55: =MIN(52,INT((A55-DATE(YEAR(A55),1,1))/7)+1) -> 52 | D55: 291540 | E55: 215000 | F55: ='3 Regression'!$B$5+'3 Regression'!$B$6*B55+'3 Regression'!$B$7*D55+'3 Regression'!$B$8*E55 -> 8683.6166 | G55: =INDEX('2 Seasonal Index'!$D$3:$D$54,C55) -> 0.9410597 | H55: =F55*G55 -> 8171.8017 | I55: 8563 | J55: =I55-H55 -> 391.19835 | K55: =ABS(J55)/I55 -> 0.04568473
